analysis_status,group,table,cell,metric,expected_seeds,included_seeds,complete,n_seeds,mean,sd
complete,f3_budget_d1600_crew5,crossplay,coalition0_vs_learned_crew1,false_ejection_rate,"[0, 1, 2, 3, 4]","[0, 1, 2, 3, 4]",True,5,0.382,0.05454814387309617
complete,f3_tenseed_crew5,crossplay,coalition0_vs_learned_crew1,false_ejection_rate,"[0, 1, 2, 3, 4]","[0, 1, 2, 3, 4]",True,5,0.38739999999999997,0.03952594084901712
complete,f3_budget_d1600_crew5,crossplay,coalition1_vs_learned_crew1,false_ejection_rate,"[0, 1, 2, 3, 4]","[0, 1, 2, 3, 4]",True,5,0.516,0.03905124837953327
complete,f3_tenseed_crew5,crossplay,coalition1_vs_learned_crew1,false_ejection_rate,"[0, 1, 2, 3, 4]","[0, 1, 2, 3, 4]",True,5,0.5252000000000001,0.04809573785690369
complete,f3_budget_d800_crew5,crossplay,coalition0_vs_learned_crew1,false_ejection_rate,"[0, 1, 2, 3, 4]","[0, 1, 2, 3, 4]",True,5,0.4394,0.06917947672539887
complete,f3_budget_d800_crew5,crossplay,coalition1_vs_learned_crew1,false_ejection_rate,"[0, 1, 2, 3, 4]","[0, 1, 2, 3, 4]",True,5,0.5671999999999999,0.054819704486616855
complete,f4_budget_d800_crew5,crossplay,coalition0_vs_learned_crew1,any_false_ejection_rate,"[0, 1, 2, 3, 4]","[0, 1, 2, 3, 4]",True,5,0.7452000000000001,0.04830320900312939
complete,f4_tenseed_crew5,crossplay,coalition0_vs_learned_crew1,any_false_ejection_rate,"[0, 1, 2, 3, 4]","[0, 1, 2, 3, 4]",True,5,0.8400000000000001,0.05043808085167395
complete,f4_budget_d800_crew5,crossplay,coalition1_vs_learned_crew1,any_false_ejection_rate,"[0, 1, 2, 3, 4]","[0, 1, 2, 3, 4]",True,5,0.852,0.033526109228480414
complete,f4_tenseed_crew5,crossplay,coalition1_vs_learned_crew1,any_false_ejection_rate,"[0, 1, 2, 3, 4]","[0, 1, 2, 3, 4]",True,5,0.8462,0.012153188881935485
complete,f4_budget_d800_crew5,crossplay,coalition0_vs_learned_crew1,coalition_game_win_rate,"[0, 1, 2, 3, 4]","[0, 1, 2, 3, 4]",True,5,0.1648,0.07774123744834525
complete,f4_tenseed_crew5,crossplay,coalition0_vs_learned_crew1,coalition_game_win_rate,"[0, 1, 2, 3, 4]","[0, 1, 2, 3, 4]",True,5,0.354,0.11465600725648875
complete,f4_budget_d800_crew5,crossplay,coalition1_vs_learned_crew1,coalition_game_win_rate,"[0, 1, 2, 3, 4]","[0, 1, 2, 3, 4]",True,5,0.8482,0.029456747953567432
complete,f4_tenseed_crew5,crossplay,coalition1_vs_learned_crew1,coalition_game_win_rate,"[0, 1, 2, 3, 4]","[0, 1, 2, 3, 4]",True,5,0.8542,0.029380265485526143
complete,multigen_dependence_n7_r8_k4,loop_h4,c_stage_mean,any_false_ejection_rate,"[0, 1, 2, 3, 4, 5, 6, 7, 8, 9]","[0, 1, 2, 3, 4, 5, 6, 7, 8, 9]",True,10,0.8896749999999999,0.006979185323358139
complete,multigen_none_n7_r8_k10,loop_h4,c_stage_mean,any_false_ejection_rate,"[0, 1, 2, 3, 4, 5, 6, 7, 8, 9]","[0, 1, 2, 3, 4, 5, 6, 7, 8, 9]",True,10,0.8472500000000001,0.008617649847196665
complete,multigen_dependence_n7_r8_k4,loop_h4,d_stage_mean,any_false_ejection_rate,"[0, 1, 2, 3, 4, 5, 6, 7, 8, 9]","[0, 1, 2, 3, 4, 5, 6, 7, 8, 9]",True,10,0.762625,0.04741824104006107
complete,multigen_none_n7_r8_k10,loop_h4,d_stage_mean,any_false_ejection_rate,"[0, 1, 2, 3, 4, 5, 6, 7, 8, 9]","[0, 1, 2, 3, 4, 5, 6, 7, 8, 9]",True,10,0.65825,0.05138566055925632
complete,multigen_dependence_n7_r8_k4,loop_h4,matrix_adaptation_gain,any_false_ejection_rate,"[0, 1, 2, 3, 4, 5, 6, 7, 8, 9]","[0, 1, 2, 3, 4, 5, 6, 7, 8, 9]",True,10,0.12900000000000003,0.046163959006037494
complete,multigen_none_n7_r8_k10,loop_h4,matrix_adaptation_gain,any_false_ejection_rate,"[0, 1, 2, 3, 4, 5, 6, 7, 8, 9]","[0, 1, 2, 3, 4, 5, 6, 7, 8, 9]",True,10,0.19134999999999996,0.05057944795621594
complete,multigen_dependence_n7_r8_k4,loop_h4,c_stage_mean,coalition_game_win_rate,"[0, 1, 2, 3, 4, 5, 6, 7, 8, 9]","[0, 1, 2, 3, 4, 5, 6, 7, 8, 9]",True,10,0.78865,0.0259155144438402
complete,multigen_none_n7_r8_k10,loop_h4,c_stage_mean,coalition_game_win_rate,"[0, 1, 2, 3, 4, 5, 6, 7, 8, 9]","[0, 1, 2, 3, 4, 5, 6, 7, 8, 9]",True,10,0.8174249999999998,0.02452579424469949
complete,multigen_dependence_n7_r8_k4,loop_h4,d_stage_mean,coalition_game_win_rate,"[0, 1, 2, 3, 4, 5, 6, 7, 8, 9]","[0, 1, 2, 3, 4, 5, 6, 7, 8, 9]",True,10,0.34805,0.05421290334310541
complete,multigen_none_n7_r8_k10,loop_h4,d_stage_mean,coalition_game_win_rate,"[0, 1, 2, 3, 4, 5, 6, 7, 8, 9]","[0, 1, 2, 3, 4, 5, 6, 7, 8, 9]",True,10,0.308525,0.0653435844423749
complete,multigen_dependence_n7_r8_k4,loop_h4,matrix_adaptation_gain,coalition_game_win_rate,"[0, 1, 2, 3, 4, 5, 6, 7, 8, 9]","[0, 1, 2, 3, 4, 5, 6, 7, 8, 9]",True,10,0.44530000000000003,0.06969664426801497
complete,multigen_none_n7_r8_k10,loop_h4,matrix_adaptation_gain,coalition_game_win_rate,"[0, 1, 2, 3, 4, 5, 6, 7, 8, 9]","[0, 1, 2, 3, 4, 5, 6, 7, 8, 9]",True,10,0.509,0.08637900979597608
complete,multigen_rwbal_n7_r1_k4,loop_h4,c_stage_mean,false_ejection_rate,"[0, 1, 2, 3, 4]","[0, 1, 2, 3, 4]",True,5,0.54805,0.01484650632303779
complete,multigen_none_n7_r1_k10,loop_h4,c_stage_mean,false_ejection_rate,"[0, 1, 2, 3, 4]","[0, 1, 2, 3, 4]",True,5,0.5506000000000001,0.04040327956985671
complete,multigen_rwbal_n7_r1_k4,loop_h4,d_stage_mean,false_ejection_rate,"[0, 1, 2, 3, 4]","[0, 1, 2, 3, 4]",True,5,0.37950000000000006,0.0184966213130939
complete,multigen_none_n7_r1_k10,loop_h4,d_stage_mean,false_ejection_rate,"[0, 1, 2, 3, 4]","[0, 1, 2, 3, 4]",True,5,0.26655,0.04891778817567287
complete,multigen_rwbal_n7_r1_k4,loop_h4,matrix_adaptation_gain,false_ejection_rate,"[0, 1, 2, 3, 4]","[0, 1, 2, 3, 4]",True,5,0.16420000000000004,0.039698236736661244
complete,multigen_none_n7_r1_k10,loop_h4,matrix_adaptation_gain,false_ejection_rate,"[0, 1, 2, 3, 4]","[0, 1, 2, 3, 4]",True,5,0.28650000000000003,0.07461316907892332
complete,multigen_rwbal_n7_r1_k4,loop_h4,c_stage_mean,coalition_favorable_rate,"[0, 1, 2, 3, 4]","[0, 1, 2, 3, 4]",True,5,0.7445999999999999,0.020931883575063183
complete,multigen_none_n7_r1_k10,loop_h4,c_stage_mean,coalition_favorable_rate,"[0, 1, 2, 3, 4]","[0, 1, 2, 3, 4]",True,5,0.7431499999999999,0.018187048963479543
complete,multigen_rwbal_n7_r1_k4,loop_h4,d_stage_mean,coalition_favorable_rate,"[0, 1, 2, 3, 4]","[0, 1, 2, 3, 4]",True,5,0.69475,0.028334497525101813
complete,multigen_none_n7_r1_k10,loop_h4,d_stage_mean,coalition_favorable_rate,"[0, 1, 2, 3, 4]","[0, 1, 2, 3, 4]",True,5,0.5138,0.05763446234675914
complete,multigen_rwbal_n7_r1_k4,loop_h4,matrix_adaptation_gain,coalition_favorable_rate,"[0, 1, 2, 3, 4]","[0, 1, 2, 3, 4]",True,5,0.04809999999999999,0.023109521847065533
complete,multigen_none_n7_r1_k10,loop_h4,matrix_adaptation_gain,coalition_favorable_rate,"[0, 1, 2, 3, 4]","[0, 1, 2, 3, 4]",True,5,0.23390000000000005,0.07353264581123138
complete,multigen_rwfe_n7_r8_k2,loop_h2,c_stage_mean,any_false_ejection_rate,"[0, 1, 2, 3, 4]","[0, 1, 2, 3, 4]",True,5,0.8882000000000001,0.020067386476569415
complete,multigen_none_n7_r8_k10,loop_h2,c_stage_mean,any_false_ejection_rate,"[0, 1, 2, 3, 4]","[0, 1, 2, 3, 4]",True,5,0.8537000000000001,0.019591452217740255
complete,multigen_rwfe_n7_r8_k2,loop_h2,d_stage_mean,any_false_ejection_rate,"[0, 1, 2, 3, 4]","[0, 1, 2, 3, 4]",True,5,0.8004,0.028710625210886624
complete,multigen_none_n7_r8_k10,loop_h2,d_stage_mean,any_false_ejection_rate,"[0, 1, 2, 3, 4]","[0, 1, 2, 3, 4]",True,5,0.7567999999999999,0.0603112758943135
complete,multigen_rwfe_n7_r8_k2,loop_h2,matrix_adaptation_gain,any_false_ejection_rate,"[0, 1, 2, 3, 4]","[0, 1, 2, 3, 4]",True,5,0.09000000000000001,0.03249615361854386
complete,multigen_none_n7_r8_k10,loop_h2,matrix_adaptation_gain,any_false_ejection_rate,"[0, 1, 2, 3, 4]","[0, 1, 2, 3, 4]",True,5,0.10059999999999998,0.05522952109153221
complete,multigen_rwfe_n7_r8_k2,loop_h2,c_stage_mean,coalition_game_win_rate,"[0, 1, 2, 3, 4]","[0, 1, 2, 3, 4]",True,5,0.8831999999999999,0.013917614738165458
complete,multigen_none_n7_r8_k10,loop_h2,c_stage_mean,coalition_game_win_rate,"[0, 1, 2, 3, 4]","[0, 1, 2, 3, 4]",True,5,0.8099999999999999,0.042973829245251144
complete,multigen_rwfe_n7_r8_k2,loop_h2,d_stage_mean,coalition_game_win_rate,"[0, 1, 2, 3, 4]","[0, 1, 2, 3, 4]",True,5,0.5539,0.050773270526921946
complete,multigen_none_n7_r8_k10,loop_h2,d_stage_mean,coalition_game_win_rate,"[0, 1, 2, 3, 4]","[0, 1, 2, 3, 4]",True,5,0.3736,0.07577631556099836
complete,multigen_rwfe_n7_r8_k2,loop_h2,matrix_adaptation_gain,coalition_game_win_rate,"[0, 1, 2, 3, 4]","[0, 1, 2, 3, 4]",True,5,0.3326,0.05955081863417161
complete,multigen_none_n7_r8_k10,loop_h2,matrix_adaptation_gain,coalition_game_win_rate,"[0, 1, 2, 3, 4]","[0, 1, 2, 3, 4]",True,5,0.4404,0.09490943051140913
complete,multigen_rwmeet_n7_r1_k4,loop_h4,c_stage_mean,false_ejection_rate,"[0, 1, 2, 3, 4]","[0, 1, 2, 3, 4]",True,5,0.5702999999999999,0.051053403412505215
complete,multigen_rwmeet_n7_r1_k4,loop_h4,d_stage_mean,false_ejection_rate,"[0, 1, 2, 3, 4]","[0, 1, 2, 3, 4]",True,5,0.34735,0.006236485388421922
complete,multigen_rwmeet_n7_r1_k4,loop_h4,matrix_adaptation_gain,false_ejection_rate,"[0, 1, 2, 3, 4]","[0, 1, 2, 3, 4]",True,5,0.21989999999999998,0.04920543669148764
complete,multigen_rwmeet_n7_r1_k4,loop_h4,c_stage_mean,coalition_favorable_rate,"[0, 1, 2, 3, 4]","[0, 1, 2, 3, 4]",True,5,0.7722,0.03811266193799643
complete,multigen_rwmeet_n7_r1_k4,loop_h4,d_stage_mean,coalition_favorable_rate,"[0, 1, 2, 3, 4]","[0, 1, 2, 3, 4]",True,5,0.62155,0.02855116022160918
complete,multigen_rwmeet_n7_r1_k4,loop_h4,matrix_adaptation_gain,coalition_favorable_rate,"[0, 1, 2, 3, 4]","[0, 1, 2, 3, 4]",True,5,0.14309999999999998,0.03847141796191038
