figure,group,table,cell,metric,row,column,n_seeds,mean,sd
hypothesis_crossplay.pdf,counterattack_hyp_n7_r1,crossplay,mean|mean,false_ejection_rate,mean,mean,10,0.10429999999999999,0.03711558522597572
hypothesis_crossplay.pdf,counterattack_hyp_n7_r1,crossplay,mean|soft,false_ejection_rate,mean,soft,10,0.1484,0.039878147733648145
hypothesis_crossplay.pdf,counterattack_hyp_n7_r1,crossplay,mean|hypothesis,false_ejection_rate,mean,hypothesis,10,0.0769,0.03072259392983896
hypothesis_crossplay.pdf,counterattack_hyp_n7_r1,crossplay,soft|mean,false_ejection_rate,soft,mean,10,0.1427,0.05300324937628301
hypothesis_crossplay.pdf,counterattack_hyp_n7_r1,crossplay,soft|soft,false_ejection_rate,soft,soft,10,0.19419999999999998,0.054572683439407466
hypothesis_crossplay.pdf,counterattack_hyp_n7_r1,crossplay,soft|hypothesis,false_ejection_rate,soft,hypothesis,10,0.1255,0.05837665058337394
hypothesis_crossplay.pdf,counterattack_hyp_n7_r1,crossplay,hypothesis|mean,false_ejection_rate,hypothesis,mean,10,0.0962,0.06265921941564367
hypothesis_crossplay.pdf,counterattack_hyp_n7_r1,crossplay,hypothesis|soft,false_ejection_rate,hypothesis,soft,10,0.09759999999999999,0.06793820721803012
hypothesis_crossplay.pdf,counterattack_hyp_n7_r1,crossplay,hypothesis|hypothesis,false_ejection_rate,hypothesis,hypothesis,10,0.4217000000000001,0.06645474650717835
finite_crossplay.pdf,multigen_none_n7_r8_k10,crossplay,C0|D0,coalition_game_win_rate,C0,D0,10,0.9658,0.010932113753117981
finite_crossplay.pdf,multigen_none_n7_r8_k10,crossplay,C0|D1,coalition_game_win_rate,C0,D1,10,0.3524,0.10725172881279506
finite_crossplay.pdf,multigen_none_n7_r8_k10,crossplay,C0|D2,coalition_game_win_rate,C0,D2,10,0.2912,0.08601395235657991
finite_crossplay.pdf,multigen_none_n7_r8_k10,crossplay,C0|D3,coalition_game_win_rate,C0,D3,10,0.2924,0.07556483603134759
finite_crossplay.pdf,multigen_none_n7_r8_k10,crossplay,C0|D4,coalition_game_win_rate,C0,D4,10,0.27240000000000003,0.0830999398315065
finite_crossplay.pdf,multigen_none_n7_r8_k10,crossplay,C0|D5,coalition_game_win_rate,C0,D5,10,0.3372,0.11498096460815686
finite_crossplay.pdf,multigen_none_n7_r8_k10,crossplay,C0|D6,coalition_game_win_rate,C0,D6,10,0.2618,0.1081211254925594
finite_crossplay.pdf,multigen_none_n7_r8_k10,crossplay,C0|D7,coalition_game_win_rate,C0,D7,10,0.3702,0.13753205686917747
finite_crossplay.pdf,multigen_none_n7_r8_k10,crossplay,C0|D8,coalition_game_win_rate,C0,D8,10,0.28700000000000003,0.09154112615528487
finite_crossplay.pdf,multigen_none_n7_r8_k10,crossplay,C0|D9,coalition_game_win_rate,C0,D9,10,0.2528,0.10460167833792683
finite_crossplay.pdf,multigen_none_n7_r8_k10,crossplay,C0|D10,coalition_game_win_rate,C0,D10,10,0.3502,0.0976863461401962
finite_crossplay.pdf,multigen_none_n7_r8_k10,crossplay,C1|D0,coalition_game_win_rate,C1,D0,10,0.20539999999999997,0.06310520316635282
finite_crossplay.pdf,multigen_none_n7_r8_k10,crossplay,C1|D1,coalition_game_win_rate,C1,D1,10,0.8562,0.03114767692425517
finite_crossplay.pdf,multigen_none_n7_r8_k10,crossplay,C1|D2,coalition_game_win_rate,C1,D2,10,0.3512,0.11530519888057474
finite_crossplay.pdf,multigen_none_n7_r8_k10,crossplay,C1|D3,coalition_game_win_rate,C1,D3,10,0.5884,0.08640884728364849
finite_crossplay.pdf,multigen_none_n7_r8_k10,crossplay,C1|D4,coalition_game_win_rate,C1,D4,10,0.4805999999999999,0.13366641728987544
finite_crossplay.pdf,multigen_none_n7_r8_k10,crossplay,C1|D5,coalition_game_win_rate,C1,D5,10,0.6178000000000001,0.11479624461530864
finite_crossplay.pdf,multigen_none_n7_r8_k10,crossplay,C1|D6,coalition_game_win_rate,C1,D6,10,0.4539999999999999,0.12380989010934824
finite_crossplay.pdf,multigen_none_n7_r8_k10,crossplay,C1|D7,coalition_game_win_rate,C1,D7,10,0.6264000000000001,0.14626551199787324
finite_crossplay.pdf,multigen_none_n7_r8_k10,crossplay,C1|D8,coalition_game_win_rate,C1,D8,10,0.522,0.14978206390174584
finite_crossplay.pdf,multigen_none_n7_r8_k10,crossplay,C1|D9,coalition_game_win_rate,C1,D9,10,0.5254000000000001,0.17407546256341436
finite_crossplay.pdf,multigen_none_n7_r8_k10,crossplay,C1|D10,coalition_game_win_rate,C1,D10,10,0.5572,0.1016407617269983
finite_crossplay.pdf,multigen_none_n7_r8_k10,crossplay,C2|D0,coalition_game_win_rate,C2,D0,10,0.1814,0.038041497809044734
finite_crossplay.pdf,multigen_none_n7_r8_k10,crossplay,C2|D1,coalition_game_win_rate,C2,D1,10,0.7466,0.1211098674757759
finite_crossplay.pdf,multigen_none_n7_r8_k10,crossplay,C2|D2,coalition_game_win_rate,C2,D2,10,0.7799999999999999,0.05748816303282694
finite_crossplay.pdf,multigen_none_n7_r8_k10,crossplay,C2|D3,coalition_game_win_rate,C2,D3,10,0.2812,0.10032923579672855
finite_crossplay.pdf,multigen_none_n7_r8_k10,crossplay,C2|D4,coalition_game_win_rate,C2,D4,10,0.7001999999999999,0.13325147487197114
finite_crossplay.pdf,multigen_none_n7_r8_k10,crossplay,C2|D5,coalition_game_win_rate,C2,D5,10,0.4668,0.1777793888815886
finite_crossplay.pdf,multigen_none_n7_r8_k10,crossplay,C2|D6,coalition_game_win_rate,C2,D6,10,0.5616000000000001,0.2043500265068085
finite_crossplay.pdf,multigen_none_n7_r8_k10,crossplay,C2|D7,coalition_game_win_rate,C2,D7,10,0.5422,0.21026639188314322
finite_crossplay.pdf,multigen_none_n7_r8_k10,crossplay,C2|D8,coalition_game_win_rate,C2,D8,10,0.5466,0.14156600345186457
finite_crossplay.pdf,multigen_none_n7_r8_k10,crossplay,C2|D9,coalition_game_win_rate,C2,D9,10,0.504,0.16919154168509068
finite_crossplay.pdf,multigen_none_n7_r8_k10,crossplay,C2|D10,coalition_game_win_rate,C2,D10,10,0.5666,0.17709018418120565
finite_crossplay.pdf,multigen_none_n7_r8_k10,crossplay,C3|D0,coalition_game_win_rate,C3,D0,10,0.2032,0.03360158726409612
finite_crossplay.pdf,multigen_none_n7_r8_k10,crossplay,C3|D1,coalition_game_win_rate,C3,D1,10,0.8116,0.024272526764957
finite_crossplay.pdf,multigen_none_n7_r8_k10,crossplay,C3|D2,coalition_game_win_rate,C3,D2,10,0.3454,0.15581769975055965
finite_crossplay.pdf,multigen_none_n7_r8_k10,crossplay,C3|D3,coalition_game_win_rate,C3,D3,10,0.8131999999999999,0.03101540835706591
finite_crossplay.pdf,multigen_none_n7_r8_k10,crossplay,C3|D4,coalition_game_win_rate,C3,D4,10,0.2502,0.07397567167657217
finite_crossplay.pdf,multigen_none_n7_r8_k10,crossplay,C3|D5,coalition_game_win_rate,C3,D5,10,0.667,0.1472873231325614
finite_crossplay.pdf,multigen_none_n7_r8_k10,crossplay,C3|D6,coalition_game_win_rate,C3,D6,10,0.382,0.15343185240794474
finite_crossplay.pdf,multigen_none_n7_r8_k10,crossplay,C3|D7,coalition_game_win_rate,C3,D7,10,0.6493999999999999,0.12046594724005803
finite_crossplay.pdf,multigen_none_n7_r8_k10,crossplay,C3|D8,coalition_game_win_rate,C3,D8,10,0.4673999999999999,0.1617049439222218
finite_crossplay.pdf,multigen_none_n7_r8_k10,crossplay,C3|D9,coalition_game_win_rate,C3,D9,10,0.507,0.1987186732823846
finite_crossplay.pdf,multigen_none_n7_r8_k10,crossplay,C3|D10,coalition_game_win_rate,C3,D10,10,0.5306,0.12764899790702106
finite_crossplay.pdf,multigen_none_n7_r8_k10,crossplay,C4|D0,coalition_game_win_rate,C4,D0,10,0.18139999999999998,0.03820471175130104
finite_crossplay.pdf,multigen_none_n7_r8_k10,crossplay,C4|D1,coalition_game_win_rate,C4,D1,10,0.7424,0.1238199409537001
finite_crossplay.pdf,multigen_none_n7_r8_k10,crossplay,C4|D2,coalition_game_win_rate,C4,D2,10,0.6198,0.11801111058803836
finite_crossplay.pdf,multigen_none_n7_r8_k10,crossplay,C4|D3,coalition_game_win_rate,C4,D3,10,0.35819999999999996,0.13853663775333946
finite_crossplay.pdf,multigen_none_n7_r8_k10,crossplay,C4|D4,coalition_game_win_rate,C4,D4,10,0.8215999999999999,0.030707219563700847
finite_crossplay.pdf,multigen_none_n7_r8_k10,crossplay,C4|D5,coalition_game_win_rate,C4,D5,10,0.3132,0.08575002429542902
finite_crossplay.pdf,multigen_none_n7_r8_k10,crossplay,C4|D6,coalition_game_win_rate,C4,D6,10,0.5900000000000001,0.17177763403759977
finite_crossplay.pdf,multigen_none_n7_r8_k10,crossplay,C4|D7,coalition_game_win_rate,C4,D7,10,0.47359999999999997,0.2374696237884379
finite_crossplay.pdf,multigen_none_n7_r8_k10,crossplay,C4|D8,coalition_game_win_rate,C4,D8,10,0.6063999999999999,0.16874912345451357
finite_crossplay.pdf,multigen_none_n7_r8_k10,crossplay,C4|D9,coalition_game_win_rate,C4,D9,10,0.4178,0.14252781404967166
finite_crossplay.pdf,multigen_none_n7_r8_k10,crossplay,C4|D10,coalition_game_win_rate,C4,D10,10,0.6043999999999999,0.16057341692267194
finite_crossplay.pdf,multigen_none_n7_r8_k10,crossplay,C5|D0,coalition_game_win_rate,C5,D0,10,0.1966,0.04411147494952105
finite_crossplay.pdf,multigen_none_n7_r8_k10,crossplay,C5|D1,coalition_game_win_rate,C5,D1,10,0.7958000000000001,0.06526833501442761
finite_crossplay.pdf,multigen_none_n7_r8_k10,crossplay,C5|D2,coalition_game_win_rate,C5,D2,10,0.39519999999999994,0.16740423464708942
finite_crossplay.pdf,multigen_none_n7_r8_k10,crossplay,C5|D3,coalition_game_win_rate,C5,D3,10,0.6512,0.08153635862471281
finite_crossplay.pdf,multigen_none_n7_r8_k10,crossplay,C5|D4,coalition_game_win_rate,C5,D4,10,0.36439999999999995,0.12628644688432195
finite_crossplay.pdf,multigen_none_n7_r8_k10,crossplay,C5|D5,coalition_game_win_rate,C5,D5,10,0.8082,0.050784512074712955
finite_crossplay.pdf,multigen_none_n7_r8_k10,crossplay,C5|D6,coalition_game_win_rate,C5,D6,10,0.24620000000000003,0.11004827223642462
finite_crossplay.pdf,multigen_none_n7_r8_k10,crossplay,C5|D7,coalition_game_win_rate,C5,D7,10,0.6706000000000001,0.1326718591948655
finite_crossplay.pdf,multigen_none_n7_r8_k10,crossplay,C5|D8,coalition_game_win_rate,C5,D8,10,0.4306,0.16837537428812643
finite_crossplay.pdf,multigen_none_n7_r8_k10,crossplay,C5|D9,coalition_game_win_rate,C5,D9,10,0.5624,0.20811492551526
finite_crossplay.pdf,multigen_none_n7_r8_k10,crossplay,C5|D10,coalition_game_win_rate,C5,D10,10,0.5084000000000001,0.15931464325527506
finite_crossplay.pdf,multigen_none_n7_r8_k10,crossplay,C6|D0,coalition_game_win_rate,C6,D0,10,0.24219999999999997,0.018748629579548242
finite_crossplay.pdf,multigen_none_n7_r8_k10,crossplay,C6|D1,coalition_game_win_rate,C6,D1,10,0.7582,0.13758052187719014
finite_crossplay.pdf,multigen_none_n7_r8_k10,crossplay,C6|D2,coalition_game_win_rate,C6,D2,10,0.5758,0.13261958963726117
finite_crossplay.pdf,multigen_none_n7_r8_k10,crossplay,C6|D3,coalition_game_win_rate,C6,D3,10,0.4640000000000001,0.12913042502317829
finite_crossplay.pdf,multigen_none_n7_r8_k10,crossplay,C6|D4,coalition_game_win_rate,C6,D4,10,0.6824,0.05778734963448123
finite_crossplay.pdf,multigen_none_n7_r8_k10,crossplay,C6|D5,coalition_game_win_rate,C6,D5,10,0.4518,0.16064716340823176
finite_crossplay.pdf,multigen_none_n7_r8_k10,crossplay,C6|D6,coalition_game_win_rate,C6,D6,10,0.791,0.08048326258021325
finite_crossplay.pdf,multigen_none_n7_r8_k10,crossplay,C6|D7,coalition_game_win_rate,C6,D7,10,0.3314,0.1827689494659552
finite_crossplay.pdf,multigen_none_n7_r8_k10,crossplay,C6|D8,coalition_game_win_rate,C6,D8,10,0.6414000000000002,0.14408037880140223
finite_crossplay.pdf,multigen_none_n7_r8_k10,crossplay,C6|D9,coalition_game_win_rate,C6,D9,10,0.3774,0.14234246652976676
finite_crossplay.pdf,multigen_none_n7_r8_k10,crossplay,C6|D10,coalition_game_win_rate,C6,D10,10,0.7005999999999999,0.052145522871628734
finite_crossplay.pdf,multigen_none_n7_r8_k10,crossplay,C7|D0,coalition_game_win_rate,C7,D0,10,0.1814,0.04469203259841488
finite_crossplay.pdf,multigen_none_n7_r8_k10,crossplay,C7|D1,coalition_game_win_rate,C7,D1,10,0.7816,0.08645512644654967
finite_crossplay.pdf,multigen_none_n7_r8_k10,crossplay,C7|D2,coalition_game_win_rate,C7,D2,10,0.47539999999999993,0.13988264922982965
finite_crossplay.pdf,multigen_none_n7_r8_k10,crossplay,C7|D3,coalition_game_win_rate,C7,D3,10,0.5035999999999999,0.1548326695357138
finite_crossplay.pdf,multigen_none_n7_r8_k10,crossplay,C7|D4,coalition_game_win_rate,C7,D4,10,0.48599999999999993,0.19783045490745071
finite_crossplay.pdf,multigen_none_n7_r8_k10,crossplay,C7|D5,coalition_game_win_rate,C7,D5,10,0.6065999999999999,0.14244234701177252
finite_crossplay.pdf,multigen_none_n7_r8_k10,crossplay,C7|D6,coalition_game_win_rate,C7,D6,10,0.3638,0.1858827587486263
finite_crossplay.pdf,multigen_none_n7_r8_k10,crossplay,C7|D7,coalition_game_win_rate,C7,D7,10,0.8119999999999999,0.04689468105351726
finite_crossplay.pdf,multigen_none_n7_r8_k10,crossplay,C7|D8,coalition_game_win_rate,C7,D8,10,0.2958,0.11331156653718592
finite_crossplay.pdf,multigen_none_n7_r8_k10,crossplay,C7|D9,coalition_game_win_rate,C7,D9,10,0.6466,0.09721933963980622
finite_crossplay.pdf,multigen_none_n7_r8_k10,crossplay,C7|D10,coalition_game_win_rate,C7,D10,10,0.43600000000000005,0.14447452678202097
finite_crossplay.pdf,multigen_none_n7_r8_k10,crossplay,C8|D0,coalition_game_win_rate,C8,D0,10,0.1954,0.053558275634012796
finite_crossplay.pdf,multigen_none_n7_r8_k10,crossplay,C8|D1,coalition_game_win_rate,C8,D1,10,0.7754,0.09716903942214421
finite_crossplay.pdf,multigen_none_n7_r8_k10,crossplay,C8|D2,coalition_game_win_rate,C8,D2,10,0.5366,0.16269139156356394
finite_crossplay.pdf,multigen_none_n7_r8_k10,crossplay,C8|D3,coalition_game_win_rate,C8,D3,10,0.5142,0.14218126146265236
finite_crossplay.pdf,multigen_none_n7_r8_k10,crossplay,C8|D4,coalition_game_win_rate,C8,D4,10,0.6256,0.1542488609718435
finite_crossplay.pdf,multigen_none_n7_r8_k10,crossplay,C8|D5,coalition_game_win_rate,C8,D5,10,0.5008,0.1641468177509932
finite_crossplay.pdf,multigen_none_n7_r8_k10,crossplay,C8|D6,coalition_game_win_rate,C8,D6,10,0.6236,0.1430020978867093
finite_crossplay.pdf,multigen_none_n7_r8_k10,crossplay,C8|D7,coalition_game_win_rate,C8,D7,10,0.4574,0.1434187342481216
finite_crossplay.pdf,multigen_none_n7_r8_k10,crossplay,C8|D8,coalition_game_win_rate,C8,D8,10,0.792,0.08658970942195025
finite_crossplay.pdf,multigen_none_n7_r8_k10,crossplay,C8|D9,coalition_game_win_rate,C8,D9,10,0.3062,0.08645846787138128
finite_crossplay.pdf,multigen_none_n7_r8_k10,crossplay,C8|D10,coalition_game_win_rate,C8,D10,10,0.7054,0.07907830156103364
finite_crossplay.pdf,multigen_none_n7_r8_k10,crossplay,C9|D0,coalition_game_win_rate,C9,D0,10,0.1974,0.048268232018815665
finite_crossplay.pdf,multigen_none_n7_r8_k10,crossplay,C9|D1,coalition_game_win_rate,C9,D1,10,0.7832,0.10004976539480517
finite_crossplay.pdf,multigen_none_n7_r8_k10,crossplay,C9|D2,coalition_game_win_rate,C9,D2,10,0.48660000000000003,0.18186209671677667
finite_crossplay.pdf,multigen_none_n7_r8_k10,crossplay,C9|D3,coalition_game_win_rate,C9,D3,10,0.5252000000000001,0.21008611990747456
finite_crossplay.pdf,multigen_none_n7_r8_k10,crossplay,C9|D4,coalition_game_win_rate,C9,D4,10,0.49479999999999996,0.2535493815588768
finite_crossplay.pdf,multigen_none_n7_r8_k10,crossplay,C9|D5,coalition_game_win_rate,C9,D5,10,0.635,0.12900732106701884
finite_crossplay.pdf,multigen_none_n7_r8_k10,crossplay,C9|D6,coalition_game_win_rate,C9,D6,10,0.35100000000000003,0.17764696576199787
finite_crossplay.pdf,multigen_none_n7_r8_k10,crossplay,C9|D7,coalition_game_win_rate,C9,D7,10,0.744,0.06771837105082917
finite_crossplay.pdf,multigen_none_n7_r8_k10,crossplay,C9|D8,coalition_game_win_rate,C9,D8,10,0.378,0.12941921547178892
finite_crossplay.pdf,multigen_none_n7_r8_k10,crossplay,C9|D9,coalition_game_win_rate,C9,D9,10,0.7694,0.07541323196598562
finite_crossplay.pdf,multigen_none_n7_r8_k10,crossplay,C9|D10,coalition_game_win_rate,C9,D10,10,0.3068,0.1506525067092406
finite_crossplay.pdf,multigen_none_n7_r8_k10,crossplay,C10|D0,coalition_game_win_rate,C10,D0,10,0.18039999999999998,0.046712358583617296
finite_crossplay.pdf,multigen_none_n7_r8_k10,crossplay,C10|D1,coalition_game_win_rate,C10,D1,10,0.7888,0.07435171671036099
finite_crossplay.pdf,multigen_none_n7_r8_k10,crossplay,C10|D2,coalition_game_win_rate,C10,D2,10,0.5187999999999999,0.15951091916647378
finite_crossplay.pdf,multigen_none_n7_r8_k10,crossplay,C10|D3,coalition_game_win_rate,C10,D3,10,0.5396,0.1192040267776219
finite_crossplay.pdf,multigen_none_n7_r8_k10,crossplay,C10|D4,coalition_game_win_rate,C10,D4,10,0.5888,0.13566036021378292
finite_crossplay.pdf,multigen_none_n7_r8_k10,crossplay,C10|D5,coalition_game_win_rate,C10,D5,10,0.5404,0.132312088974851
finite_crossplay.pdf,multigen_none_n7_r8_k10,crossplay,C10|D6,coalition_game_win_rate,C10,D6,10,0.598,0.13959942693292118
finite_crossplay.pdf,multigen_none_n7_r8_k10,crossplay,C10|D7,coalition_game_win_rate,C10,D7,10,0.5068,0.14496957535213303
finite_crossplay.pdf,multigen_none_n7_r8_k10,crossplay,C10|D8,coalition_game_win_rate,C10,D8,10,0.6288,0.12140364263251922
finite_crossplay.pdf,multigen_none_n7_r8_k10,crossplay,C10|D9,coalition_game_win_rate,C10,D9,10,0.4276,0.1131952099496951
finite_crossplay.pdf,multigen_none_n7_r8_k10,crossplay,C10|D10,coalition_game_win_rate,C10,D10,10,0.7968,0.03689263702511202
